"cv maker",,"ai_overview,related_search,also_asks,snip_breadcrumbs",2,49,9,0,14800,665,0.647603,78,115,https://resumaker.pl/
"curriculum vitae online",,"ai_overview,related_search,also_asks,snip_breadcrumbs",3,49,9,0,1900,85,0.894916,71,118,https://resumaker.pl/
"personal fitness instructor",,"related_search,also_asks,video,local_pack,snip_breadcrumbs",3,7,9,0,480,21,0.443243,13,90,https://resumaker.pl/przykładowe-cv/personal-fitness-trainer/
"cv lekarz",,"related_search,pic,also_asks,snip_breadcrumbs,snip_image_thumbnail",2,6,9,0,260,11,0.354955,38,90,https://resumaker.pl/przykładowe-cv/lekarz-podstawowej-opieki-zdrowotnej/
"cv polska",,"pic,also_asks,ads_bot,video,related_search,snip_breadcrumbs",2,50,9,-2,260,11,23.803128,53,80,https://resumaker.pl/
"cv darmowy kreator",,"related_search,also_asks,snip_breadcrumbs",3,44,9,0,210,9,0.648492,76,226000,https://resumaker.pl/
"cv nauczyciela przedszkola",,"also_asks,related_search,pic,ai_overview,snip_breadcrumbs,snip_image_thumbnail",3,8,9,0,210,9,0.250106,29,249000,https://resumaker.pl/przykładowe-cv/doświadczony-przedszkolak-nauczyciel/
"napisać cv",,"ai_overview,related_search,pic,also_asks,snip_breadcrumbs",2,46,9,0,210,9,0.28,67,1730000,https://resumaker.pl/
"ai cv",,"video,also_asks,related_search,pic,snip_breadcrumbs",2,9,9,0,210,9,20.531971,74,80,https://resumaker.pl/
"cv inżyniera",,"also_asks,pic,related_search,snip_breadcrumbs",2,4,9,0,170,7,9.084487,40,90,https://resumaker.pl/przykładowe-cv/inzynier-procesu/
"list motywacyjny na stanowisko urzędnicze",,"also_asks,related_search,pic,ai_overview,snip_breadcrumbs,snip_fqdn_in_aio",5,19,9,0,140,6,0.041989,37,55700,https://resumaker.pl/przykładowe-list-motywacyjny/pracownik-administracyjny/
"cv elektryk",,"related_search,also_asks,pic,snip_breadcrumbs,snip_image_thumbnail",2,5,9,0,140,6,0.159351,30,90,https://resumaker.pl/przykładowe-cv/głowny-inzynier-elektryk/
"wzór cv pracuj pl",,"related_search,pic,also_asks,snip_breadcrumbs",4,31,9,0,110,4,9.163817,55,42,https://resumaker.pl/
"cv gastronomia",,"pic,related_search,also_asks,snip_breadcrumbs,snip_image_thumbnail",2,N/A,9,0,110,4,0.20563518181818,14,90,https://resumaker.pl/przykładowe-cv/pracownik-gastronomii/
"kreator darmowy cv",,"also_asks,related_search,snip_breadcrumbs",3,48,9,0,110,4,0.623789,78,166000,https://resumaker.pl/
"darmowy edytor cv",,"video,ai_overview,also_asks,related_search,snip_breadcrumbs",3,44,9,0,110,4,20.824119,82,10700,https://resumaker.pl/
"asystentka księgowej",,"related_search,also_asks,snip_breadcrumbs",2,4,9,0,110,4,0.030988,28,100,https://resumaker.pl/przykładowe-cv/księgowy---asystent/
"cv asystentka stomatologiczna",,"also_asks,pic,related_search,snip_breadcrumbs,snip_image_thumbnail",3,4,9,0,110,4,5.981926,36,90,https://resumaker.pl/przykładowe-cv/certyfikowany-asystent-stomatologiczny/
"list motywacyjny szablon za darmo",,"related_search,snip_breadcrumbs",5,13,9,0,110,4,0.124053,61,22000,https://resumaker.pl/list-motywacyjny/
"cv spawacz",,"also_asks,related_search,pic,snip_breadcrumbs",2,4,9,-1,90,4,0.204364,21,90,https://resumaker.pl/przykładowe-cv/spawacz-tig/
"przykłady listów motywacyjnych",,"pic,also_asks,related_search,ai_overview,snip_breadcrumbs,snip_image_thumbnail",3,39,9,0,90,4,0.050132,42,12600,https://resumaker.pl/przykładowe-list-motywacyjny/pobierajacy/
"list motywacyjny do pracy w urzędzie",,"also_asks,related_search,pic,snip_breadcrumbs",6,19,9,0,90,4,0.039425,31,90,https://resumaker.pl/przykładowe-list-motywacyjny/pracownik-administracyjny/
"podanie o pracę w przedszkolu",,"pic,ai_overview,also_asks,related_search,snip_breadcrumbs",5,13,9,0,90,4,0,1,327000,https://resumaker.pl/przykładowe-list-motywacyjny/nauczyciel-przedszkola/
"cv logistyka",,"pic,also_asks,related_search,ai_overview,snip_breadcrumbs,snip_image_thumbnail,snip_url_in_aio,snip_fqdn_in_aio",2,3,9,0,70,3,0.077751,12,1130000,https://resumaker.pl/przykładowe-cv/logistyk/
"krótkie podanie o pracę pielęgniarki",,"ai_overview,also_asks,related_search,pic,snip_breadcrumbs,snip_fqdn_in_aio",5,7,9,0,70,3,0,1,11400,https://resumaker.pl/przykładowe-list-motywacyjny/pielegniarka-zawodowa/
"cv do policji",,"related_search,also_asks,pic,ai_overview,snip_breadcrumbs,snip_image_thumbnail,snip_url_in_aio,snip_fqdn_in_aio",3,8,9,0,70,3,0.181368,23,87,https://resumaker.pl/przykładowe-cv/specjalny-funkcjonariusz-policji/
"developer cv",,"also_asks,pic,related_search,snip_breadcrumbs,snip_image_thumbnail",2,6,9,0,70,3,0.66128,6,90,https://resumaker.pl/przykładowe-cv/full-stack-developer/
"kierownik oddziału",,"related_search,pic,ai_overview,also_asks,snip_breadcrumbs",2,1,9,0,70,3,0.0214,3,3450000,https://resumaker.pl/przykładowe-cv/branch-manager/
"cv do przedszkola",,"related_search,also_asks,ai_overview,pic,snip_breadcrumbs,snip_image_thumbnail",3,9,9,0,70,3,0.235811,24,706000,https://resumaker.pl/przykładowe-cv/doświadczony-przedszkolak-nauczyciel/
"cv kosmetyczka",,"related_search,ai_overview,pic,snip_breadcrumbs,snip_url_in_aio,snip_fqdn_in_aio",2,3,9,0,70,3,0,5,144000,https://resumaker.pl/przykładowe-cv/kosmetyczka/
"cv kierowcy",,"also_asks,related_search,pic,snip_breadcrumbs,snip_image_thumbnail",2,7,9,0,70,3,0.20607,30,90,https://resumaker.pl/przykładowe-cv/kierowca-osobowy/
"wzorowe cv",,"also_asks,related_search,pic,snip_breadcrumbs",2,37,9,0,70,3,0.41,47,90,https://resumaker.pl/przykładowe-cv/
"cv mechanik",,"pic,also_asks,related_search,snip_breadcrumbs,snip_image_thumbnail",2,6,9,0,70,3,0.24205132919072,5,90,https://resumaker.pl/przykładowe-cv/mechanik-przemysłowy/
"cv pielęgniarka przykłady",,"also_asks,ai_overview,pic,related_search,snip_breadcrumbs,snip_image_thumbnail",3,16,9,0,70,3,0.048557,46,8990,https://resumaker.pl/przykładowe-cv/pielegniarka-zawodowa/
"cv do sklepu",,"related_search,pic,also_asks,snip_breadcrumbs,snip_image_thumbnail",3,10,9,0,70,3,0.169322,32,90,https://resumaker.pl/przykładowe-cv/pracownik-sklepu/
"cv po hiszpańsku",,"also_asks,pic,ai_overview,snip_breadcrumbs,snip_image_thumbnail",3,2,9,0,70,3,0.113777,23,28200,https://resumaker.pl/przykładowe-cv/tłumacz-jezyka-hiszpanskiego/
"wstęp do cv",,"related_search,video,also_asks,ai_overview,pic,snip_breadcrumbs",3,N/A,9,0,50,2,3.592045,29,172000,https://resumaker.pl/
"cv web",,"also_asks,related_search,pic,snip_breadcrumbs",2,8,9,0,50,2,0.49404,28,90,https://resumaker.pl/
"dyrektor ds operacyjnych",,"ai_overview,also_asks,related_search,snip_breadcrumbs",3,7,9,0,50,2,0,1,535000,https://resumaker.pl/przykładowe-cv/dyrektor-operacyjny/
"cv sekretarki",,"also_asks,related_search,pic,snip_breadcrumbs,snip_image_thumbnail",2,2,9,0,50,2,0.137289,25,90,https://resumaker.pl/przykładowe-cv/sekretarka-administracyjna/
"podanie o prace do dyrektora szpitala",,"also_asks,ai_overview,related_search,pic,snip_breadcrumbs",6,8,9,0,50,2,0,0,80,https://resumaker.pl/przykładowe-list-motywacyjny/dyrektor-ds-medycznych/
"cv managera",,"pic,related_search,also_asks,snip_breadcrumbs",2,2,9,0,50,2,0.165357,17,90,https://resumaker.pl/przykładowe-cv/team-manager/
"cv do szkoły średniej",,"related_search,also_asks,ai_overview,pic,snip_breadcrumbs",4,13,9,0,50,2,0.136413,42,345000,"https://resumaker.pl/przykładowe-cv/uczeń liceum/"
"inżynier produktu",,"related_search,also_asks,ai_overview,snip_breadcrumbs,snip_url_in_aio,snip_fqdn_in_aio",2,2,9,,50,2,0,2,103,https://resumaker.pl/przykładowe-cv/inzynier-produktu/
"cv opiekunka dziecięca",,"pic,ai_overview,also_asks,related_search,snip_breadcrumbs,snip_image_thumbnail",3,4,9,0,50,2,0.081293,22,15800,https://resumaker.pl/przykładowe-cv/opiekunka-do-dzieci---pracownik/
"podanie o prace jako sprzataczka",,"a_box_fsnippet,related_search,pic,also_asks,snip_breadcrumbs",5,10,9,0,40,1,0,3,90,https://resumaker.pl/przykładowe-list-motywacyjny/sprzatacz-domu/
"cv radca prawny",,"pic,related_search,snip_breadcrumbs,snip_image_thumbnail",3,2,9,0,40,1,0.346251,45,90,https://resumaker.pl/przykładowe-cv/radca-prawny/
"kierownik sklepu obowiązki",,"ai_overview,related_search,also_asks,snip_breadcrumbs,snip_url_in_aio,snip_fqdn_in_aio",3,N/A,9,0,40,1,0,2,700000,https://resumaker.pl/przykładowe-cv/kierownik-sklepu/
"cv elektryk przykład",,"related_search,also_asks,pic,snip_breadcrumbs,snip_image_thumbnail",3,N/A,9,0,40,1,0.098519,46,90,https://resumaker.pl/przykładowe-cv/głowny-inzynier-elektryk/
"list motywacyjny do urzędu miasta wzór",,"ai_overview,pic,related_search,also_asks,snip_breadcrumbs",6,19,9,0,40,1,0.03,32,115,https://resumaker.pl/przykładowe-list-motywacyjny/pracownik-administracyjny/
"cv elektryka przykład",,"pic,related_search,also_asks,snip_breadcrumbs",3,N/A,9,0,40,1,3.381041,32,54,https://resumaker.pl/przykładowe-cv/głowny-inzynier-elektryk/
"darmowa strona do robienia cv",,"related_search,also_asks,ai_overview,snip_breadcrumbs",5,65,9,3,40,1,0.608231,84,103,https://resumaker.pl/
"przykładowe cv pracownika produkcji",,"related_search,pic,also_asks,snip_breadcrumbs,snip_image_thumbnail",4,5,9,8,40,1,0.079278,29,27,https://resumaker.pl/przykładowe-cv/pracownik-produkcji/
"cv inzyniera",,"also_asks,related_search,pic,snip_breadcrumbs",2,5,9,-1,40,1,0.21,24,90,https://resumaker.pl/przykładowe-cv/inzynier/
"cv kasjer sprzedawca umiejętności",,"ai_overview,related_search,pic,also_asks,snip_breadcrumbs",4,N/A,9,0,40,1,0.104112,13,79,https://resumaker.pl/przykładowe-cv/sprzedawca-produktow/
"grafika cv",,"related_search,also_asks,pic,snip_breadcrumbs",2,9,9,0,40,1,0.41,47,90,https://resumaker.pl/przykładowe-cv/doświadczony-projektant-graficzny/
"edytor tekstu przykłady",,"video,ai_overview,related_search,also_asks,snip_breadcrumbs",3,8,9,0,40,1,0,0,122000,https://resumaker.pl/przykładowe-cv/edytor-tekstu/
"cv agent nieruchomości",,"ai_overview,related_search,snip_breadcrumbs",3,1,9,0,40,1,0.127872,27,73,https://resumaker.pl/przykładowe-cv/experienced-real-estate-agent/
"kapitan straży pożarnej",,"pic,also_asks,related_search,ai_overview,snip_breadcrumbs,snip_image_thumbnail,snip_url_in_aio,snip_fqdn_in_aio",3,N/A,9,0,30,1,0,0,274000,https://resumaker.pl/przykładowe-cv/kapitan-ognia/
"cv spawacz wzór",,"related_search,ai_overview,pic,snip_breadcrumbs,snip_image_thumbnail",3,5,9,0,30,1,7.105144,45,7100,https://resumaker.pl/przykładowe-cv/spawacz-tig/
"specjalista ds łańcucha dostaw",,"related_search,also_asks,snip_breadcrumbs",4,N/A,9,0,30,1,0,4,43900,https://resumaker.pl/przykładowe-cv/specjalista-ds-łancucha-dostaw/
"cv konserwator w szkole",,"pic,also_asks,related_search,ai_overview,snip_breadcrumbs,snip_image_thumbnail",4,1,9,0,30,1,0.209001,26,10400,https://resumaker.pl/przykładowe-list-motywacyjny/konserwator-budynku/
"podanie o prace na stanowisku sprzątaczki",,"pic,also_asks,related_search,ai_overview,snip_breadcrumbs",6,10,9,0,30,1,0,8,42400,https://resumaker.pl/przykładowe-list-motywacyjny/sprzatacz-ogolny/
"jak przestac subskrybowac aplikacje",,"related_search,video,pic,ai_overview,also_asks,snip_breadcrumbs",4,12,9,0,30,1,0,0,217000,https://resumaker.pl/anuluj-subskrypcje/
"specjalista ds sprzedaży i obsługi klienta zakres obowiązków",,"a_box_fsnippet,also_asks,related_search,snip_breadcrumbs",8,N/A,9,0,30,1,0,8,100,https://resumaker.pl/przykładowe-cv/specjalista-ds-obsługi-klienta/
"podanie o pracę pielęgniarka przykład",,"also_asks,pic,related_search,snip_breadcrumbs",5,7,9,0,30,1,0,1,90,https://resumaker.pl/przykładowe-list-motywacyjny/pielegniarka-zawodowa/
"podanie o pracę nauczyciela przedszkola",,"ai_overview,pic,related_search,snip_breadcrumbs",5,13,9,0,30,1,0,2,155000,https://resumaker.pl/przykładowe-list-motywacyjny/nauczycielka-niemowlat/
"cv nauczyciela przedszkola przykłady",,"pic,related_search,snip_breadcrumbs,snip_image_thumbnail",4,8,9,0,30,1,0.055754,17,90,https://resumaker.pl/przykładowe-cv/doświadczony-przedszkolak-nauczyciel/
"architekt cv",,"related_search,pic,ai_overview,also_asks,snip_breadcrumbs,snip_url_in_aio,snip_fqdn_in_aio",2,6,9,0,30,1,0,25,975000,https://resumaker.pl/przykładowe-cv/architekt/
"dyrektor ds produkcji",,"pic,ai_overview,also_asks,related_search,snip_breadcrumbs",3,2,9,,30,1,0,2,99,https://resumaker.pl/przykładowe-cv/dyrektor-ds-produkcji/
"podanie o pracę pomoc nauczyciela w przedszkolu",,"pic,also_asks,related_search,snip_breadcrumbs",7,10,9,0,30,1,0,2,90,https://resumaker.pl/przykładowe-list-motywacyjny/pomocnik-nauczyciela/
"asystentka stomatologiczna cv",,"pic,also_asks,ai_overview,related_search,snip_breadcrumbs",3,4,9,-1,30,1,0.178189,14,106,"https://resumaker.pl/przykładowe-cv/asystentka stomatologiczna/"
"program do tworzenia cv darmowy",,"ai_overview,related_search,also_asks,snip_breadcrumbs",5,36,9,0,30,1,0.669592,88,1780000,https://resumaker.pl/
"sales team leader",,"pic,also_asks,ai_overview,snip_breadcrumbs,snip_url_in_aio,snip_fqdn_in_aio",3,N/A,9,0,30,1,0,10,645000000,https://resumaker.pl/przykładowe-cv/sales-team-leader/
"cv pracownik administracyjno biurowy wzór",,"related_search,pic,also_asks,snip_breadcrumbs,snip_image_thumbnail",5,9,9,0,30,1,0.14,31,63,https://resumaker.pl/przykładowe-cv/administracja-kancelaria/
"szablon listu motywacyjnego za darmo",,"related_search,pic,snip_breadcrumbs",5,12,9,0,30,1,8.550657,61,16700,https://resumaker.pl/list-motywacyjny/
"podanie o prace nauczyciel przedszkola",,"related_search,pic,also_asks,snip_breadcrumbs",5,12,9,0,30,1,0,2,90,https://resumaker.pl/przykładowe-list-motywacyjny/nauczycielka-niemowlat/
"cv sprzątaczka umiejętności",,"also_asks,a_box_fsnippet,pic,related_search,snip_breadcrumbs,snip_image_thumbnail",3,9,9,0,30,1,0,6,81,https://resumaker.pl/przykładowe-cv/sprzątaczka-domowa/
"cv asystentki stomatologicznej",,"also_asks,related_search,pic,snip_breadcrumbs,snip_image_thumbnail",3,4,9,0,30,1,0,50,81,https://resumaker.pl/przykładowe-cv/certyfikowany-asystent-stomatologiczny/
"zainteresowania kosmetyka",,"pic,also_asks,related_search,ai_overview,snip_breadcrumbs,snip_image_thumbnail,snip_url_in_aio,snip_fqdn_in_aio",2,N/A,9,0,30,1,0,2,136000000,https://resumaker.pl/przykładowe-cv/doświadczona-kosmetyczka/
"koordynator ds logistyki",,"related_search,ai_overview,also_asks,snip_breadcrumbs,snip_url_in_aio,snip_fqdn_in_aio",3,1,9,0,30,1,0.024588,9,434000,https://resumaker.pl/przykładowe-cv/koordynator-ds-logistyki/
"cv przedszkolanka",,"also_asks,related_search,pic,snip_breadcrumbs,snip_image_thumbnail",2,N/A,9,0,30,1,0,12,90,https://resumaker.pl/przykładowe-cv/doświadczony-przedszkolak-nauczyciel/
"шаблон резюме польша",польша,"ads_bot,pic,related_search,snip_breadcrumbs",3,9,9,0,20,0,0.288456,26,90,https://resumaker.pl/
"cv maker com",,"related_search,snip_breadcrumbs",3,N/A,9,0,20,0,0.615485,71,220000000,https://resumaker.pl/
"jak napisać cv sprzedawca kasjer",,"pic,also_asks,ai_overview,related_search,snip_breadcrumbs",5,16,9,0,20,0,2.921497,18,108,https://resumaker.pl/przykładowe-cv/sprzedawca-produktow/
"darmowe wzory listu motywacyjnego",,"related_search,snip_breadcrumbs",4,13,9,0,20,0,0.197124,66,100,https://resumaker.pl/list-motywacyjny/
"wzory cv pielęgniarka",,"ai_overview,pic,related_search,snip_breadcrumbs,snip_image_thumbnail",3,16,9,0,20,0,8.120656,91,15900,https://resumaker.pl/przykładowe-cv/pielegniarka-zawodowa/
"list motywacyjny do lidla",,"ai_overview,also_asks,related_search,pic,snip_breadcrumbs,snip_url_in_aio,snip_fqdn_in_aio",4,3,9,0,20,0,2.119769,29,532,https://resumaker.pl/przykładowe-list-motywacyjny/pracownik-sklepu/
"koordynator biura zakres obowiązków",,"ai_overview,also_asks,related_search,snip_breadcrumbs,snip_url_in_aio,snip_fqdn_in_aio",4,7,9,0,20,0,0,1,1210000,https://resumaker.pl/przykładowe-cv/koordynator-biura/
"życiorys emocjonalny",,"ai_overview,also_asks,related_search,pic,snip_breadcrumbs",2,1,9,0,20,0,0,0,70600,https://resumaker.pl/przykładowe-cv/terapeuta-kliniczny/
"kasjer sprzedawca obowiązki cv",,"also_asks,related_search,pic,ai_overview,snip_breadcrumbs,snip_url_in_aio,snip_fqdn_in_aio",4,N/A,9,8,20,0,0,31,95,https://resumaker.pl/przykładowe-cv/sprzedawca-produktow/
"list motywacyjny staz",,"related_search,snip_breadcrumbs",3,5,9,0,20,0,0,0,100,https://resumaker.pl/przykładowe-list-motywacyjny/praktykant/
"kucharz cv",,"also_asks,pic,related_search,ai_overview,snip_breadcrumbs,snip_image_thumbnail,snip_fqdn_in_aio",2,N/A,9,0,20,0,0.247729,31,1170000,https://resumaker.pl/przykładowe-cv/głowny-kucharz/
"cv wzór kierowca",,"related_search,pic,also_asks,snip_breadcrumbs,snip_image_thumbnail",3,7,9,0,20,0,0,50,90,https://resumaker.pl/przykładowe-cv/kierowca-transportu/
"noc list",,"pic,ai_overview,also_asks,related_search,snip_breadcrumbs",2,1,9,0,20,0,0,0,142000000,https://resumaker.pl/przykładowe-list-motywacyjny/analityk-noc/
"list motywacyjny dla pielęgniarki",,"related_search,pic,snip_breadcrumbs,snip_image_thumbnail",4,5,9,0,20,0,0.03461,49,15900,https://resumaker.pl/przykładowe-list-motywacyjny/pielegniarka-na-etacie/
"list motywacyjny praca w urzędzie",,"also_asks,related_search,pic,snip_breadcrumbs",5,19,9,,20,0,0.011238,33,90,https://resumaker.pl/przykładowe-list-motywacyjny/pracownik-administracyjny/
"cv praca na produkcji",,"also_asks,ai_overview,related_search,snip_breadcrumbs,snip_image_thumbnail",4,N/A,9,0,20,0,0.129999,25,2270000,https://resumaker.pl/przykładowe-cv/pracownik-produkcji/
"jak napisać list motywacyjny do policji",,"pic,ai_overview,related_search,also_asks,snip_breadcrumbs",6,8,9,1,20,0,0,6,76,https://resumaker.pl/przykładowe-list-motywacyjny/oficer-policji/
"podanie o pracę pracownik socjalny",,"pic,related_search,also_asks,ai_overview,snip_breadcrumbs",5,1,9,0,20,0,0,9,35500,"https://resumaker.pl/przykładowe-cv/pracownik socjalny/"
"cv barmanka",,"related_search,snip_breadcrumbs",2,N/A,9,0,20,0,0,6,100,https://resumaker.pl/przykładowe-cv/doświadczony-barman/
"umiejętności elektryka w cv",,"also_asks,related_search,pic,ai_overview,snip_breadcrumbs",4,5,9,2,20,0,3.85875,20,112,https://resumaker.pl/przykładowe-cv/elektromechanik/
"kierownik ds zaopatrzenia",,"ai_overview,also_asks,snip_breadcrumbs,snip_url_in_aio,snip_fqdn_in_aio",3,N/A,9,0,20,0,0,4,427000,https://resumaker.pl/przykładowe-cv/kierownik-zaopatrzenia/
"podsumowanie zawodowe sprzedawca",,"ai_overview,related_search,pic,also_asks,snip_breadcrumbs",3,16,9,0,20,0,0,12,148000,https://resumaker.pl/przykładowe-cv/sprzedawca-detaliczny/
"cv wzór kucharz",,"related_search,pic,snip_breadcrumbs,snip_image_thumbnail",3,9,9,0,20,0,0,15,81,https://resumaker.pl/przykładowe-cv/głowny-kucharz/
"cv na kierowce",,"also_asks,related_search,pic,snip_breadcrumbs,snip_image_thumbnail",3,7,9,0,20,0,0.44,79,90,https://resumaker.pl/przykładowe-cv/kierowca-samochodu-dostawczego/
"free cv kreator",,"related_search,also_asks,snip_breadcrumbs",3,N/A,9,0,20,0,0.713674,83,723000,https://resumaker.pl/
"list motywacyjny dla nauczyciela",,"pic,ai_overview,related_search,snip_breadcrumbs,snip_image_thumbnail,snip_fqdn_in_aio",4,11,9,0,20,0,0.023178,43,157000,https://resumaker.pl/przykładowe-list-motywacyjny/nauczyciel-przedszkola/
"najlepsze cv wzory",,"pic,related_search,ai_overview,video,snip_breadcrumbs",3,44,9,0,20,0,0.342791,84,469000,https://resumaker.pl/aplikacja/tworzenie/szablony/
"agent wynajmu samochodów",,"related_search,also_asks,ai_overview,snip_breadcrumbs,snip_url_in_aio,snip_fqdn_in_aio",3,N/A,9,0,20,0,4.069386,33,58200,https://resumaker.pl/przykładowe-cv/wypożyczalnia-samochodów/
"przykładowe cv kasjer sprzedawca",,"also_asks,related_search,ai_overview,pic,snip_breadcrumbs",4,N/A,9,0,20,0,0.196146,38,93,https://resumaker.pl/przykładowe-cv/płyta/
"cv farmaceuty wzór",,"ai_overview,pic,related_search,also_asks,snip_breadcrumbs",3,N/A,9,0,20,0,0.162375,66,2640,https://resumaker.pl/przykładowe-cv/zarejestrowany-farmaceuta/
"darmowy wzór listu motywacyjnego",,"pic,related_search,snip_breadcrumbs",4,15,9,-2,20,0,0.197124,66,90,https://resumaker.pl/list-motywacyjny/
"cv przedstawiciela handlowego",,"pic,also_asks,ai_overview,related_search,snip_breadcrumbs",3,6,9,2,20,0,0.108348,40,102,https://resumaker.pl/przykładowe-cv/reklama-sprzedaż-prezentacja/
"cv przedszkole",,"pic,related_search,snip_breadcrumbs,snip_image_thumbnail",2,9,9,0,20,0,0.2,49,90,https://resumaker.pl/przykładowe-cv/doświadczony-przedszkolak-nauczyciel/
"cv cars",,"local_pack,related_search,pic,snip_breadcrumbs",2,N/A,9,0,20,0,0,2,90,https://resumaker.pl/przykładowe-cv/auto-sprzedaż/
"cv sklep",,"pic,related_search,also_asks,snip_breadcrumbs",2,N/A,9,0,20,0,0,16,863000000,https://resumaker.pl/przykładowe-cv/pracownik-sklepu/
"pracownik techniczny czym się zajmuje",,"ai_overview,also_asks,related_search,snip_breadcrumbs,snip_url_in_aio,snip_fqdn_in_aio",5,N/A,9,0,20,0,0,0,473000,https://resumaker.pl/przykładowe-cv/pracownik-obsługi-technicznej/
"podanie o prace jako pielegniarka",,"pic,related_search,ai_overview,also_asks,snip_breadcrumbs,snip_fqdn_in_aio",5,7,9,0,20,0,0,12,112000,https://resumaker.pl/przykładowe-list-motywacyjny/pielegniarka-srodowiskowa/
"kierownik ds operacyjnych",,"ai_overview,also_asks,related_search,snip_breadcrumbs,snip_url_in_aio,snip_fqdn_in_aio",3,1,9,,20,0,0,1,162,https://resumaker.pl/przykładowe-cv/kierownik-ds-operacji-biznesowych/
"pracownik działu logistyki zakres obowiązków",,"related_search,also_asks,ai_overview,snip_breadcrumbs",5,1,9,0,20,0,0,1,247000,https://resumaker.pl/przykładowe-cv/pracownik-działu-logistyki/
"list motywacyjny spedytor",,"pic,also_asks,snip_breadcrumbs",3,2,9,0,20,0,0,9,90,https://resumaker.pl/przykładowe-list-motywacyjny/ekspedytor/
"ux ui designer cv",,"pic,snip_breadcrumbs",4,N/A,9,0,20,0,0.178603,14,90,https://resumaker.pl/przykładowe-cv/user-experience-designer/
"przykładowe cv kucharz",,"ai_overview,related_search,pic,snip_breadcrumbs,snip_image_thumbnail",3,N/A,9,0,20,0,0.14,34,4180,https://resumaker.pl/przykładowe-cv/kucharz-pizzy/
"darmowe cv generator",,"also_asks,related_search,snip_breadcrumbs",3,N/A,9,0,20,0,0.753189,79,996000,https://resumaker.pl/
"cv maker pro",,"related_search,also_asks,snip_breadcrumbs",3,16,9,,20,0,1.26,54,90,https://resumaker.pl/
"projektant przemysłowy",,"ai_overview,related_search,also_asks,snip_breadcrumbs",2,1,9,0,20,0,0.74941247724441,24,51900,https://resumaker.pl/przykładowe-cv/projektant-przemysłowy/
"cv wojsko",,"related_search,pic,also_asks,ai_overview,snip_breadcrumbs,snip_image_thumbnail",2,N/A,9,0,20,0,0.361074,39,685000,https://resumaker.pl/przykładowe-cv/oficer-wojskowy/
"projektant cv",,"pic,related_search,also_asks,snip_breadcrumbs,snip_image_thumbnail",2,N/A,9,0,20,0,40.073746,89,241000,https://resumaker.pl/przykładowe-cv/projektant/
"list motywacyjny do służby więziennej",,"related_search,pic,also_asks,snip_breadcrumbs",5,2,9,0,20,0,0,2,2910,https://resumaker.pl/przykładowe-cv/pracownik-słuzby-wieziennej/
"przykładowe cv nauczyciela przedszkola",,"related_search,pic,snip_breadcrumbs,snip_image_thumbnail",4,N/A,9,0,20,0,0.317607,23,90,https://resumaker.pl/przykładowe-cv/doświadczony-przedszkolak-nauczyciel/
"cv wzór sprzątaczka",,"related_search,pic,snip_breadcrumbs,snip_image_thumbnail",3,9,9,0,20,0,0,94,72,https://resumaker.pl/przykładowe-cv/sprzątaczka-domowa/
"cv dla kelnerki",,"also_asks,related_search,pic,ai_overview,snip_breadcrumbs,snip_image_thumbnail,snip_url_in_aio,snip_fqdn_in_aio",3,13,9,0,20,0,0.160726,32,960000,https://resumaker.pl/przykładowe-cv/kelnerka/
"zakres obowiązków kierownika sprzedaży wzór",,"related_search,also_asks,ai_overview,pic,snip_breadcrumbs,snip_url_in_aio,snip_fqdn_in_aio",5,N/A,9,0,10,0,0,7,1180000,https://resumaker.pl/przykładowe-cv/kierownik-ds-sprzedazy-krajowej/
"pracownik produkcji zakres obowiązków cv",,"also_asks,related_search,ai_overview,snip_breadcrumbs",5,N/A,9,0,10,0,0,0,2080000,https://resumaker.pl/przykładowe-cv/pracownik-produkcji/
"zainteresowania motoryzacja cv",,"a_box_fsnippet,also_asks,related_search,snip_breadcrumbs",3,9,9,0,10,0,0,12,14400,https://resumaker.pl/przykładowe-cv/autotechnika/
"list motywacyjny na sekretarkę bez doświadczenia",,"related_search,ai_overview,pic,snip_breadcrumbs,snip_url_in_aio,snip_fqdn_in_aio",6,1,9,0,10,0,0,21,81,https://resumaker.pl/przykładowe-list-motywacyjny/sekretarka-administracyjna/
"manager baru",,"also_asks,pic,ai_overview,snip_breadcrumbs,snip_url_in_aio,snip_fqdn_in_aio",2,N/A,9,0,10,0,0,3,31800000,https://resumaker.pl/przykładowe-cv/bar-manager/
"cv szkoła podstawowa",,"pic,ai_overview,related_search,also_asks,snip_breadcrumbs,snip_image_thumbnail",3,N/A,9,0,10,0,0.254913,27,170000,https://resumaker.pl/przykładowe-cv/szkoła-podstawowa-nauczyciel/
"zakres obowiązków kierownika recepcji hotelu",,"pic,ai_overview,also_asks,snip_breadcrumbs,snip_url_in_aio,snip_fqdn_in_aio",5,1,9,0,10,0,0,0,58,https://resumaker.pl/przykładowe-cv/front-desk-supervisor/
"list motywacyjny jako sprzedawca",,"also_asks,pic,related_search,snip_breadcrumbs",4,N/A,9,0,10,0,0,26,41700,https://resumaker.pl/przykładowe-list-motywacyjny/sprzedawca-biletow/
"podanie o pracę pracownik biurowy",,"pic,also_asks,related_search,ai_overview,snip_breadcrumbs,snip_image_thumbnail,snip_url_in_aio,snip_fqdn_in_aio",5,10,9,0,10,0,0,6,123000,https://resumaker.pl/przykładowe-list-motywacyjny/pracownik-administracyjny/
"kreator list motywacyjny za darmo",,"also_asks,related_search,snip_breadcrumbs,snip_image_thumbnail",5,13,9,0,10,0,0.40242,88,20600,https://resumaker.pl/list-motywacyjny/
"umiejętności budowlane w cv",,"also_asks,related_search,pic,ai_overview,snip_breadcrumbs",4,N/A,9,0,10,0,0,29,218000,https://resumaker.pl/przykładowe-cv/robotnik-budowlany/
"podanie o prace fizjoterapeuty",,"related_search,ai_overview,pic,also_asks,snip_breadcrumbs,snip_image_thumbnail,snip_url_in_aio,snip_fqdn_in_aio",4,4,9,0,10,0,0,0,10300,https://resumaker.pl/przykładowe-list-motywacyjny/terapeuta-fizyczny/
"wzór podania o pracę sprzątaczka",,"also_asks,pic,ai_overview,related_search,snip_breadcrumbs,snip_image_thumbnail",5,8,9,0,10,0,0,0,8120,https://resumaker.pl/przykładowe-list-motywacyjny/sprzatacz-domu/
"cv wzór elektryk",,"pic,related_search,also_asks,snip_breadcrumbs",3,6,9,0,10,0,0,0,21800,https://resumaker.pl/przykładowe-cv/głowny-inzynier-elektryk/
"list motywacyjny do kancelarii prawnej",,"related_search,pic,snip_breadcrumbs",5,2,9,0,10,0,0,18,26300,https://resumaker.pl/przykładowe-list-motywacyjny/prawnik/
"cv wzór gastronomia",,"pic,ai_overview,also_asks,related_search,snip_breadcrumbs,snip_image_thumbnail",3,N/A,9,0,10,0,0,20,12800,https://resumaker.pl/przykładowe-cv/kasjer-w-restauracji/
"sprzataczka cv",,"related_search,also_asks,ai_overview,pic,snip_breadcrumbs,snip_image_thumbnail,snip_url_in_aio,snip_fqdn_in_aio",2,N/A,9,0,10,0,0,12,72400,https://resumaker.pl/przykładowe-cv/sprzątaczka-domowa/
"umiejętności psychologa cv",,"ai_overview,pic,also_asks,related_search,snip_breadcrumbs,snip_image_thumbnail",3,6,9,0,10,0,0,0,64600,https://resumaker.pl/przykładowe-cv/psycholog-kliniczny/
"starszy analityk",,snip_breadcrumbs,2,1,9,0,10,0,0,7,398000,https://resumaker.pl/przykładowe-cv/starszy-analityk/
"cv doradca klienta sprzedawca",,"pic,ai_overview,also_asks,related_search,snip_breadcrumbs",4,14,9,0,10,0,0,6,113000,https://resumaker.pl/przykładowe-cv/sprzedawca-produktow/
"napisz cv online za darmo",,"related_search,also_asks,snip_breadcrumbs",5,40,9,0,10,0,0,0,100,https://resumaker.pl/
"list motywacyjny pracownik produkcji bez doświadczenia",,"related_search,pic,also_asks,ai_overview,snip_breadcrumbs,snip_fqdn_in_aio",6,9,9,0,10,0,0,7,52000,https://resumaker.pl/przykładowe-list-motywacyjny/pracownik-fabryki/
"inżynier rozwoju produktu",,"also_asks,pic,snip_breadcrumbs",3,1,9,0,10,0,0,0,166000,https://resumaker.pl/przykładowe-cv/inzynier-ds-rozwoju-produktu/
"koordynator ds aptek",,"pic,also_asks,related_search,snip_breadcrumbs",3,N/A,9,0,10,0,0,6,35,https://resumaker.pl/przykładowe-cv/apteka-koordynator/
"cv radca prawny wzór",,"pic,related_search,snip_breadcrumbs,snip_image_thumbnail",4,N/A,9,0,10,0,0,57,8310,https://resumaker.pl/przykładowe-cv/radca-prawny/
"cv informatyk wzór",,"related_search,also_asks,pic,snip_breadcrumbs,snip_image_thumbnail",3,8,9,0,10,0,0,12,7790,https://resumaker.pl/przykładowe-cv/informatyk-naukowiec/
"inżynier cad",,"also_asks,snip_breadcrumbs",2,N/A,9,0,10,0,0,4,109000,https://resumaker.pl/przykładowe-cv/cad-engineer/
"podanie o prace do szkoły jako nauczyciel",,"related_search,pic,also_asks,snip_breadcrumbs",7,14,9,0,10,0,0,21,271000,https://resumaker.pl/przykładowe-list-motywacyjny/nauczyciel-szkoły-podstawowej/
"praca kierowca limuzyny",,"also_asks,pic,snip_breadcrumbs",3,1,9,0,10,0,0,16,51,https://resumaker.pl/przykładowe-cv/kierowca-limuzyny/
"cv specjalista ds marketingu",,"also_asks,related_search,snip_breadcrumbs",4,N/A,9,0,10,0,0,17,100,https://resumaker.pl/przykładowe-cv/specjalista-ds-marketingu-elektronicznego/
"list motywacyjny sprzedawca bez doświadczenia",,"pic,also_asks,related_search,ai_overview,snip_breadcrumbs",5,14,9,0,10,0,0,0,43600,https://resumaker.pl/przykładowe-list-motywacyjny/kasjer/
"cv rencisty wzór",,"pic,ai_overview,related_search,also_asks,snip_breadcrumbs,snip_image_thumbnail",3,3,9,0,10,0,5.573707,53,1320,https://resumaker.pl/przykładowe-cv/starszy-pracownik-biurowy/
"darmowy kreator list motywacyjny",,"related_search,snip_breadcrumbs",4,1,9,0,10,0,7.776964,71,20800,https://resumaker.pl/list-motywacyjny/
"przykładowe cv logistyka",,"pic,related_search,also_asks,snip_breadcrumbs",3,N/A,9,0,10,0,0,12,90,https://resumaker.pl/przykładowe-cv/pracownik-działu-logistyki/
"przykładowe cv fryzjer",,"ai_overview,also_asks,related_search,pic,snip_breadcrumbs",3,N/A,9,0,10,0,0,14,22300,https://resumaker.pl/przykładowe-cv/fryzjer/
"list motywacyjny zmiana stanowiska w tej samej firmie",,"pic,ai_overview,related_search,also_asks,snip_breadcrumbs",8,3,9,0,10,0,0,0,24700,https://resumaker.pl/przykładowe-list-motywacyjny/kierownik-zmiany/
"master cv",,"pic,snip_breadcrumbs",2,1,9,0,10,0,0.369449,60,1080000000,https://resumaker.pl/przykładowe-cv/scrum-master/
"cv opiekunki",,"pic,also_asks,related_search,snip_breadcrumbs,snip_image_thumbnail",2,N/A,9,0,10,0,0.286955,16,90,https://resumaker.pl/przykładowe-cv/pracownik-opieki-osobistej/
"cv dla logistyka",,"related_search,ai_overview,pic,also_asks,snip_breadcrumbs,snip_image_thumbnail,snip_url_in_aio,snip_fqdn_in_aio",3,N/A,9,0,10,0,10.960993,53,276000,https://resumaker.pl/przykładowe-cv/pracownik-działu-logistyki/
"jestem osobą komunikatywną list motywacyjny",,"related_search,pic,also_asks,snip_breadcrumbs",5,1,9,0,10,0,0,24,97,https://resumaker.pl/przykładowe-list-motywacyjny/sprzedaz-detaliczna/
"darmowy kreator cv",,"ai_overview,also_asks,related_search,snip_breadcrumbs,snip_url_in_aio,snip_fqdn_in_aio",3,44,10,1,6600,197,0.56657,79,110,https://resumaker.pl/
adiunkt,,"also_asks,pic,related_search,ai_overview,snip_breadcrumbs",1,15,10,0,5400,161,0,0,108,https://resumaker.pl/przykładowe-cv/adiunkt/
"list motywacyjny szablon",,"pic,related_search,snip_breadcrumbs",3,14,10,-2,590,17,0.201094,50,90,https://resumaker.pl/list-motywacyjny/
"online cv kreator",,"ai_overview,related_search,pic,snip_breadcrumbs",3,50,10,0,390,11,0.855103,62,2750000,https://resumaker.pl/
"generator cv darmowy",,"related_search,also_asks,snip_breadcrumbs",3,44,10,0,390,11,0.763457,79,17200,https://resumaker.pl/
"darmowy kreator cv online",,"related_search,also_asks,snip_breadcrumbs",4,44,10,0,390,11,0.65528875590145,73,100,https://resumaker.pl/
"strona do robienia cv",,"related_search,also_asks,pic,snip_breadcrumbs",4,49,10,0,320,9,0.539,75,68400,https://resumaker.pl/
"cv fizjoterapeuty",,"related_search,pic,also_asks,snip_breadcrumbs,snip_image_thumbnail",2,4,10,0,210,6,0.219702,11,90,https://resumaker.pl/przykładowe-cv/asystent-fizjoterapeuty/
"napisz cv za darmo",,"also_asks,related_search,snip_breadcrumbs",4,42,10,0,210,6,0.51907096027589,77,242000,https://resumaker.pl/
"cv ksiegowego",,"related_search,also_asks,pic,snip_breadcrumbs,snip_image_thumbnail",2,N/A,10,3,210,6,0.17960359090909,19,90,https://resumaker.pl/przykładowe-cv/ksiegowy-pierwszego-stopnia/
"cv bezpłatnie",,"related_search,video,also_asks,snip_breadcrumbs",2,N/A,10,-2,210,6,0.543739,78,117,https://resumaker.pl/
"list motywacyjny wzór za darmo",,"ai_overview,related_search,pic,snip_breadcrumbs,snip_image_thumbnail",5,15,10,0,210,6,0.151027,58,490000,https://resumaker.pl/list-motywacyjny/
"podanie o pracę sprzątaczka",,"also_asks,ai_overview,related_search,pic,snip_breadcrumbs",4,10,10,0,170,5,0,1,18700,https://resumaker.pl/przykładowe-list-motywacyjny/sprzatacz-ogolny/
"zrobić cv",,"also_asks,ai_overview,related_search,video,pic,snip_breadcrumbs",2,65,10,,170,5,43.518147,80,127,https://resumaker.pl/
ogłoszeniodawcą,,"also_asks,snip_breadcrumbs",1,2,10,,140,4,0.558074,4,100,https://resumaker.pl/przykładowe-cv/ogłoszeniodawca/
"cv mechanik samochodowy",,"also_asks,pic,related_search,snip_breadcrumbs,snip_image_thumbnail",3,6,10,0,140,4,0.161679,16,90,https://resumaker.pl/przykładowe-cv/automotive-mechanic/
"kierowca limuzyny",,"also_asks,related_search,snip_breadcrumbs",2,3,10,4,140,4,0,1,94,https://resumaker.pl/przykładowe-list-motywacyjny/kierowca-limuzyny/
"darmowy cv szablon",,"related_search,pic,also_asks,snip_breadcrumbs",3,N/A,10,0,140,4,29.469276,58,80300,https://resumaker.pl/
"podanie o prace sprzątaczka",,"related_search,also_asks,pic,a_box_fsnippet,snip_breadcrumbs",4,9,10,0,140,4,0,1,90,https://resumaker.pl/przykładowe-list-motywacyjny/sprzatacz-ogolny/
"cv elektryka",,"pic,related_search,also_asks,snip_breadcrumbs,snip_image_thumbnail",2,5,10,0,140,4,0.159351,30,90,https://resumaker.pl/przykładowe-cv/głowny-inzynier-elektryk/
"cv sprzątaczka",,"related_search,also_asks,pic,snip_breadcrumbs",2,9,10,0,110,3,6.032235,13,90,https://resumaker.pl/przykładowe-cv/pracownik-czyszczacy/
"cv wojskowe",,"related_search,also_asks,ai_overview,pic,snip_breadcrumbs,snip_image_thumbnail",2,N/A,10,0,110,3,0.160677,34,145000,https://resumaker.pl/przykładowe-cv/oficer-wojskowy/
"podanie o pracę w szpitalu",,"pic,ai_overview,related_search,also_asks,snip_breadcrumbs",5,8,10,0,110,3,0,2,1390000,https://resumaker.pl/przykładowe-list-motywacyjny/szpitalnik/
"cv sprzątaczki",,"related_search,pic,ai_overview,also_asks,snip_breadcrumbs,snip_image_thumbnail",2,N/A,10,0,110,3,0.138729,13,455000,https://resumaker.pl/przykładowe-cv/sprzątaczka-domowa/
"cv księgowej",,"related_search,pic,also_asks,snip_breadcrumbs,snip_image_thumbnail",2,11,10,0,110,3,0.118906,8,90,https://resumaker.pl/przykładowe-cv/ksiegowy-pierwszego-stopnia/
"kreator cv online za darmo",,"also_asks,related_search,snip_breadcrumbs",5,44,10,0,90,2,0.678342,67,42300,https://resumaker.pl/
"pracuj pl darmowe cv",,"related_search,also_asks,video,snip_breadcrumbs",4,25,10,0,90,2,9.543867,62,60,https://resumaker.pl/
"dyrektor ds rozwoju",,"related_search,also_asks,pic,snip_breadcrumbs",3,N/A,10,0,90,2,0,1,90,https://resumaker.pl/przykładowe-cv/dyrektor-ds-rozwoju-biznesu/
"list motywacyjny do urzędu gminy",,"related_search,also_asks,pic,ai_overview,snip_breadcrumbs",5,19,10,0,90,2,0.043384,33,121000,https://resumaker.pl/przykładowe-list-motywacyjny/pracownik-administracyjny/
"dyrektor artystyczny",,"also_asks,ai_overview,pic,related_search,snip_breadcrumbs,snip_image_thumbnail",2,4,10,0,90,2,0,0,1350000,https://resumaker.pl/przykładowe-cv/dyrektor-artystyczny/
"cv opiekunki w żłobku",,"related_search,pic,ai_overview,also_asks,snip_breadcrumbs,snip_image_thumbnail",4,N/A,10,0,90,2,0.098494,7,30400,https://resumaker.pl/przykładowe-cv/opiekunka-do-dzieci/
"pracuj pl wzór cv",,"related_search,pic,also_asks,snip_breadcrumbs",4,31,10,0,90,2,8.62264,50,48,https://resumaker.pl/
"podanie o prace opiekun medyczny wzór",,"pic,also_asks,related_search,ai_overview,snip_breadcrumbs",6,4,10,0,90,2,0,3,5210,https://resumaker.pl/przykładowe-list-motywacyjny/pracownik-opieki-osobistej/
"pracownik recepcji",,"also_asks,ai_overview,snip_breadcrumbs,snip_image_thumbnail,snip_url_in_aio,snip_fqdn_in_aio",2,3,10,0,90,2,0.01,14,159000,https://resumaker.pl/przykładowe-cv/front-desk-clerk/
"crm manager",,"also_asks,ai_overview,related_search,snip_breadcrumbs",2,1,10,0,90,2,0.517368,5,216000000,https://resumaker.pl/przykładowe-cv/crm-manager/
"cv sprzątaczka wzór",,"also_asks,related_search,pic,snip_breadcrumbs,snip_image_thumbnail",3,9,10,0,90,2,0.080691,18,81,https://resumaker.pl/przykładowe-cv/sprzątaczka-domowa/
"asystent weterynarza",,"ai_overview,also_asks,related_search,snip_breadcrumbs,snip_url_in_aio,snip_fqdn_in_aio",2,N/A,10,0,90,2,0,3,11800,https://resumaker.pl/przykładowe-cv/asystent-weterynarza/
"cv sprzątaczki wzór",,"ai_overview,pic,related_search,snip_breadcrumbs,snip_image_thumbnail",3,9,10,0,90,2,3.564585,18,2330,https://resumaker.pl/przykładowe-cv/sprzątaczka-domowa/
"list motywacyjny referent",,"also_asks,related_search,pic,snip_breadcrumbs,snip_image_thumbnail",3,10,10,0,70,2,0.041704,9,90,https://resumaker.pl/przykładowe-list-motywacyjny/starszy-referent-ds-sprzedazy/
"resume maker ai",,"video,related_search,snip_breadcrumbs",3,N/A,10,0,70,2,0.180614,58,123000000,https://resumaker.pl/
"cv kasjer sprzedawca bez doświadczenia",,"pic,also_asks,related_search,ai_overview,snip_breadcrumbs",5,16,10,0,70,2,0.11,18,734000,https://resumaker.pl/przykładowe-cv/sprzedawca-produktow/
"cv fryzjer wzór",,"related_search,also_asks,pic,ai_overview,snip_breadcrumbs",3,7,10,0,70,2,0.153791,17,6030,https://resumaker.pl/przykładowe-cv/fryzjer/
"zastępca szefa kuchni",,"ai_overview,also_asks,related_search,snip_breadcrumbs,snip_url_in_aio,snip_fqdn_in_aio",3,N/A,10,0,70,2,0.585555,5,225000,https://resumaker.pl/przykładowe-cv/zastepca-szefa-kuchni/
"podanie o prace jako nauczyciel",,"related_search,pic,also_asks,snip_breadcrumbs",5,13,10,0,70,2,0,0,90,https://resumaker.pl/przykładowe-list-motywacyjny/nauczycielka-niemowlat/
"cv żołnierza zawodowego wzór",,"ai_overview,related_search,pic,also_asks,snip_breadcrumbs,snip_image_thumbnail",4,8,10,0,50,1,0.227951,26,95,https://resumaker.pl/przykładowe-cv/oficer-wojskowy/
"cv maker darmowy",,"also_asks,related_search,snip_breadcrumbs",3,44,10,0,50,1,0.482097,85,6720,https://resumaker.pl/
"podanie o pracę do przedszkola",,"pic,related_search,also_asks,ai_overview,snip_breadcrumbs",5,12,10,0,50,1,0,2,672000,https://resumaker.pl/przykładowe-list-motywacyjny/nauczycielka-niemowlat/
"cv napisać",,"also_asks,related_search,pic,snip_breadcrumbs",2,45,10,0,50,1,0.55171,83,90,https://resumaker.pl/
"cv pracownik biurowy bez doświadczenia",,"related_search,also_asks,pic,snip_breadcrumbs,snip_image_thumbnail",5,11,10,0,50,1,0.066068,21,90,https://resumaker.pl/przykładowe-cv/pracownik-biurowy-typistka/
"cv gdzie napisac",,"pic,video,ai_overview,also_asks,related_search,snip_breadcrumbs",3,16,10,0,50,1,19.453819,74,20400,https://resumaker.pl/
"list motywacyjny policja",,"related_search,also_asks,pic,snip_breadcrumbs",3,N/A,10,0,50,1,0,5,90,https://resumaker.pl/przykładowe-list-motywacyjny/specjalny-funkcjonariusz-policji/
"cv kelnerki",,"related_search,also_asks,pic,snip_breadcrumbs,snip_image_thumbnail",2,13,10,0,40,1,0.222025,21,90,https://resumaker.pl/przykładowe-cv/kelnerka/
"list motywacyjny referent wzór",,"related_search,also_asks,pic,snip_breadcrumbs,snip_image_thumbnail",4,12,10,0,40,1,2.184813,30,90,https://resumaker.pl/przykładowe-list-motywacyjny/starszy-referent-ds-sprzedazy/
"cv sprzedawca kasjer",,"also_asks,ai_overview,pic,related_search,snip_breadcrumbs",3,16,10,1,40,1,0.184598,21,106,https://resumaker.pl/przykładowe-cv/sprzedawca-produktow/
"darmowy cv maker",,"also_asks,related_search,snip_breadcrumbs",3,44,10,0,40,1,0.544391,83,7390,https://resumaker.pl/
"cv bezplatne",,"related_search,pic,also_asks,snip_breadcrumbs",2,N/A,10,0,40,1,29.500021,89,4310000,https://resumaker.pl/
"cv kucharza przykład",,"also_asks,related_search,pic,snip_breadcrumbs,snip_image_thumbnail",3,9,10,0,40,1,0.151726,38,90,https://resumaker.pl/przykładowe-cv/kucharz-bankietowy/
"pilot curriculum vitae",,"related_search,also_asks,pic,snip_breadcrumbs",3,N/A,10,-7,40,1,0.308738,28,90,https://resumaker.pl/przykładowe-cv/pilot/
"cv niania",,"pic,also_asks,related_search,snip_breadcrumbs,snip_image_thumbnail",2,4,10,0,40,1,0.02939,8,395000,https://resumaker.pl/przykładowe-cv/opiekunka-do-dzieci/
"przykładowe cv pracownik produkcji",,"pic,also_asks,related_search,snip_breadcrumbs,snip_image_thumbnail",4,6,10,0,40,1,0.079278,29,90,https://resumaker.pl/przykładowe-cv/pracownik-produkcji/
"cv do żłobka",,"pic,ai_overview,related_search,also_asks,snip_breadcrumbs",3,4,10,0,40,1,0.186522,32,68,https://resumaker.pl/przykładowe-list-motywacyjny/pracownik-opieki-nad-dziecmi/
"cv graficzne",,"pic,also_asks,related_search,snip_breadcrumbs",2,9,10,0,40,1,0.5073,29,90,https://resumaker.pl/przykładowe-cv/doświadczony-projektant-graficzny/
"zyciorys wojsko",,"also_asks,ai_overview,pic,related_search,snip_breadcrumbs,snip_image_thumbnail",2,N/A,10,0,40,1,0,3,1470000,https://resumaker.pl/przykładowe-cv/oficer-wojskowy/
"przykładowe cv programisty",,"pic,related_search,also_asks,snip_breadcrumbs",3,7,10,-1,30,0,5.477078,43,90,https://resumaker.pl/przykładowe-cv/programista-systemow/
"ksiegowa cv",,"related_search,also_asks,pic,snip_breadcrumbs,snip_image_thumbnail",2,N/A,10,5,30,0,0.229271,27,90,https://resumaker.pl/przykładowe-cv/ksiegowy-pierwszego-stopnia/
"zyciorys do szkoly",,"also_asks,pic,ai_overview,related_search,snip_breadcrumbs",3,N/A,10,8,30,0,0,0,100,https://resumaker.pl/przykładowe-cv/szkoła-średnia---dyrektor/
"zrób cv online",,"related_search,pic,snip_breadcrumbs",3,50,10,0,30,0,1.182763,88,280000,https://resumaker.pl/
"nauczyciel pomocniczy",,"also_asks,related_search,ai_overview,snip_breadcrumbs",2,N/A,10,0,30,0,0,0,501000,https://resumaker.pl/przykładowe-cv/pomocnik-nauczyciela/
"pracownik działu sprzedaży",,"also_asks,ai_overview,snip_breadcrumbs,snip_url_in_aio,snip_fqdn_in_aio",3,1,10,0,30,0,0,4,1680000,https://resumaker.pl/przykładowe-list-motywacyjny/pracownik-działu-sprzedazy/
"cv sprzataczka",,"related_search,also_asks,ai_overview,pic,snip_breadcrumbs,snip_image_thumbnail",2,N/A,10,0,30,0,0.35967,27,517000,https://resumaker.pl/przykładowe-cv/sprzątaczka-domowa/
"cv elektryka wzór",,"also_asks,related_search,pic,snip_breadcrumbs,snip_image_thumbnail",3,N/A,10,0,30,0,0.359545,57,81,https://resumaker.pl/przykładowe-cv/głowny-inzynier-elektryk/
"asystent kierownika sklepu",,"also_asks,related_search,ai_overview,snip_breadcrumbs,snip_url_in_aio,snip_fqdn_in_aio",3,1,10,0,30,0,0,1,226000,https://resumaker.pl/przykładowe-cv/pomocnik-manager-sklepu/
"podanie o pracę pielęgniarka wzór",,"related_search,pic,also_asks,snip_breadcrumbs",5,7,10,0,30,0,0,8,90,https://resumaker.pl/przykładowe-list-motywacyjny/pielegniarka-zawodowa/
"pracownik rolny",,"also_asks,ai_overview,snip_breadcrumbs,snip_url_in_aio,snip_fqdn_in_aio",2,N/A,10,0,30,0,0,5,116000,https://resumaker.pl/przykładowe-cv/robotnik-rolny/
"cv logistyka wzór",,"related_search,also_asks,pic,snip_breadcrumbs",3,N/A,10,0,30,0,0.204062,31,72,https://resumaker.pl/przykładowe-cv/pracownik-działu-logistyki/
"kierownik salonu",,"also_asks,ai_overview,snip_breadcrumbs,snip_url_in_aio,snip_fqdn_in_aio",2,1,10,,30,0,0.024157236689664,26,106,https://resumaker.pl/przykładowe-cv/kierownik-salonu/
"list motywacyjny do liceum",,"ai_overview,pic,also_asks,related_search,snip_breadcrumbs",4,5,10,,30,0,0,7,107,https://resumaker.pl/przykładowe-list-motywacyjny/nauczyciel-szkoły-sredniej/
"doświadczony prawnik",,"pic,also_asks,local_pack,related_search,a_box_fsnippet,snip_breadcrumbs",2,1,10,0,30,0,0,0,100,https://resumaker.pl/przykładowe-cv/doświadczony-prawnik/
"popraw cv",,"pic,also_asks,related_search,snip_breadcrumbs",2,5,10,0,30,0,22.443273,80,90,https://resumaker.pl/
"pracownik biurowy umiejętności cv",,"pic,related_search,also_asks,ai_overview,snip_breadcrumbs,snip_image_thumbnail",4,N/A,10,-1,30,0,0,8,103,https://resumaker.pl/przykładowe-cv/pracownik-biurowy/
"cv dla księgowego",,"related_search,pic,snip_breadcrumbs,snip_image_thumbnail",3,N/A,10,3,30,0,0.221598,36,90,https://resumaker.pl/przykładowe-cv/głowny-ksiegowy/
"cv przedszkolanki",,"also_asks,related_search,ai_overview,pic,snip_breadcrumbs,snip_image_thumbnail",2,N/A,10,4,30,0,7.493355,19,108,https://resumaker.pl/przykładowe-cv/doświadczony-przedszkolak-nauczyciel/
"kreator cv za darmo online",,"related_search,also_asks,snip_breadcrumbs",5,44,10,0,30,0,0.488522,34,102,https://resumaker.pl/
"zainteresowania kosmetykami w cv",,"related_search,pic,also_asks,snip_breadcrumbs",4,N/A,10,0,20,0,0,14,90,https://resumaker.pl/przykładowe-list-motywacyjny/kosmetolog/
"cv wzór fryzjer",,"ai_overview,related_search,also_asks,pic,snip_breadcrumbs",3,6,10,1,20,0,0,40,100,https://resumaker.pl/przykładowe-cv/fryzjer/
"ochrona w szpitalu",,"also_asks,snip_breadcrumbs",3,N/A,10,0,20,0,0,0,100,https://resumaker.pl/przykładowe-cv/pracownik-ochrony-szpitala/
"życiorys do szkoły ponadpodstawowej",,"also_asks,pic,related_search,snip_breadcrumbs",4,13,10,0,20,0,0,0,90,https://resumaker.pl/przykładowe-cv/drugi-nauczyciel/
"cv wzór mechanik samochodowy",,"related_search,pic,also_asks,snip_breadcrumbs,snip_image_thumbnail",4,N/A,10,0,20,0,0,38,72,https://resumaker.pl/przykładowe-cv/automotive-mechanic/
"koordynator ds transportu",,"ai_overview,related_search,also_asks,pic,snip_breadcrumbs",3,1,10,0,20,0,0,12,863000,https://resumaker.pl/przykładowe-cv/koordynator-ds-logistyki/
"napisz darmowe cv",,"also_asks,related_search,snip_breadcrumbs",3,63,10,0,20,0,0.84,93,377000,https://resumaker.pl/
"życiorys aplikacja adwokacka",,"ai_overview,related_search,pic,also_asks,snip_breadcrumbs",3,N/A,10,0,20,0,0,0,61,https://resumaker.pl/przykładowe-cv/adwokat/
"osiągnięcia w pracy nauczyciela przedszkola",,"related_search,ai_overview,also_asks,snip_breadcrumbs,snip_url_in_aio,snip_fqdn_in_aio",5,N/A,10,0,20,0,0,0,65,https://resumaker.pl/przykładowe-cv/doświadczony-przedszkolak-nauczyciel/
"przykładowe cv kierowcy zawodowego",,"pic,related_search,also_asks,ai_overview,snip_breadcrumbs,snip_image_thumbnail",4,8,10,0,20,0,0.21,42,95800,https://resumaker.pl/przykładowe-cv/kierowca-zawodowy/
"list motywacyjny spedytora",,"related_search,also_asks,pic,snip_breadcrumbs",3,2,10,-1,20,0,0,9,63,https://resumaker.pl/przykładowe-list-motywacyjny/ekspedytor/
"list motywacyjny do arimr",,"related_search,also_asks,pic,snip_breadcrumbs",4,N/A,10,0,20,0,0,20,1940,https://resumaker.pl/przykładowe-list-motywacyjny/agronom/
"pracownik biurowy cv",,"ai_overview,pic,also_asks,related_search,snip_breadcrumbs",3,8,10,0,20,0,0,18,902000,https://resumaker.pl/przykładowe-cv/kontrachent/
"sukcesy w pracy nauczyciela przedszkola",,"also_asks,related_search,ai_overview,snip_breadcrumbs",5,2,10,0,20,0,0,0,90700,https://resumaker.pl/przykładowe-cv/doświadczony-przedszkolak-nauczyciel/
"koordynator inwentaryzacji",,"ai_overview,also_asks,snip_breadcrumbs,snip_url_in_aio,snip_fqdn_in_aio",2,1,10,0,20,0,0,4,83900,https://resumaker.pl/przykładowe-cv/koordynator-ds-inwentaryzacji/
"wzór cv pielęgniarka",,"related_search,also_asks,pic,snip_breadcrumbs",3,16,10,0,20,0,0.192019,91,90,https://resumaker.pl/przykładowe-cv/pielegniarka-zawodowa/
"szablony cv do pobrania za darmo word",,"related_search,pic,ai_overview,snip_breadcrumbs",7,39,10,0,20,0,9.663949,69,16200,https://resumaker.pl/
"podanie o prace do przedszkola wzór",,"also_asks,related_search,pic,snip_breadcrumbs,snip_image_thumbnail",6,10,10,2,20,0,0,0,63,https://resumaker.pl/przykładowe-list-motywacyjny/nauczyciel-przedszkola/
"stwórz cv bezpłatnie",,"related_search,ai_overview,also_asks,snip_breadcrumbs",3,48,10,0,20,0,1.616442,100,13800,https://resumaker.pl/
"bpm developer",,"also_asks,snip_breadcrumbs",2,N/A,10,0,20,0,0,6,100,https://resumaker.pl/przykładowe-cv/bpm-developer/
"logo darmowy kreator",,"pic,related_search,snip_breadcrumbs",3,36,10,0,20,0,0.086021,71,315000,https://resumaker.pl/
"human resources vice president",,"also_asks,related_search,ai_overview,snip_breadcrumbs",4,N/A,10,0,20,0,0,0,388000000,https://resumaker.pl/przykładowe-cv/wiceprezes-ds-zasobów-ludzkich/
"koordynator marketingu",,"ai_overview,related_search,also_asks,snip_breadcrumbs",2,1,10,,20,0,0,8,103,https://resumaker.pl/przykładowe-cv/koordynator-ds-marketingu-cyfrowego/
"przykładowe cv handlowca",,"related_search,also_asks,pic,snip_breadcrumbs",3,N/A,10,0,20,0,0.155619,31,90,https://resumaker.pl/przykładowe-cv/handlowiec/
"cv pracownik biurowy umiejętności",,"pic,also_asks,related_search,ai_overview,snip_breadcrumbs,snip_image_thumbnail",4,9,10,0,20,0,0.097673,47,250000,https://resumaker.pl/przykładowe-cv/kontrachent/
"zyciorys do szkoly sredniej",,"also_asks,pic,related_search,snip_breadcrumbs,snip_image_thumbnail",4,N/A,10,0,20,0,0,0,90,https://resumaker.pl/przykładowe-cv/drugi-nauczyciel/
"list motywacyjny do pracy w policji",,"ai_overview,related_search,pic,also_asks,snip_breadcrumbs",6,8,10,0,20,0,0,18,59500,https://resumaker.pl/przykładowe-list-motywacyjny/specjalny-funkcjonariusz-policji/
"przykładowe cv mechanika samochodowego",,"related_search,also_asks,pic,snip_breadcrumbs,snip_image_thumbnail",4,N/A,10,0,20,0,0.225582,38,72,https://resumaker.pl/przykładowe-cv/automotive-mechanic/
"kierownik transportu obowiązki",,"related_search,also_asks,ai_overview,snip_breadcrumbs",3,N/A,10,0,20,0,0,0,786000,https://resumaker.pl/przykładowe-cv/kierownik-ds-transportu/
"cv darmowy generator",,"related_search,also_asks,snip_breadcrumbs",3,40,10,0,20,0,47.668002,86,43600,https://resumaker.pl/
"list motywacyjny darmowy wzór",,"related_search,pic,snip_breadcrumbs",4,17,10,,20,0,12.620321,77,81,https://resumaker.pl/list-motywacyjny/
"cv kasjer sprzedawca wzór",,"also_asks,pic,related_search,snip_breadcrumbs",4,N/A,10,0,20,0,0,19,72,https://resumaker.pl/przykładowe-cv/sprzedawca-produktow/
"podanie o pracę nauczyciel edukacji wczesnoszkolnej",,"also_asks,ai_overview,pic,related_search,snip_breadcrumbs,snip_image_thumbnail",6,13,10,0,20,0,0,0,77800,https://resumaker.pl/przykładowe-list-motywacyjny/nauczycielka-niemowlat/
"cv pedagoga",,"also_asks,related_search,ai_overview,pic,snip_breadcrumbs,snip_image_thumbnail",2,2,10,-3,20,0,0.346963,52,72,https://resumaker.pl/przykładowe-cv/pedagog-specjalny/
"dog walker praca",,"ai_overview,related_search,also_asks,snip_breadcrumbs,snip_url_in_aio,snip_fqdn_in_aio",3,N/A,10,0,20,0,0.119845,61,138000,https://resumaker.pl/przykładowe-cv/dog-walker/
"podanie do prezesa",,"ai_overview,related_search,also_asks,snip_breadcrumbs",3,4,10,0,20,0,0,0,15600000,https://resumaker.pl/przykładowe-list-motywacyjny/prezes/
"cv dla mechanika",,"pic,video,related_search,snip_breadcrumbs,snip_image_thumbnail",3,N/A,10,0,20,0,0.096887,32,80,https://resumaker.pl/przykładowe-cv/automotive-mechanic/
"napisz cv za darmo online",,"also_asks,related_search,snip_breadcrumbs",5,N/A,10,0,20,0,0.8,100,1080000,https://resumaker.pl/
"list motywacyjny wzór sprzedawca",,"also_asks,related_search,pic,snip_breadcrumbs,snip_image_thumbnail",4,7,10,0,10,0,0,0,90,https://resumaker.pl/przykładowe-list-motywacyjny/sprzedawca-produktow/
"list motywacyjny zmiana branży",,"also_asks,ai_overview,pic,related_search,snip_breadcrumbs,snip_url_in_aio,snip_fqdn_in_aio",4,N/A,10,0,10,0,0,40,100,https://resumaker.pl/przykładowe-list-motywacyjny/kierownik-zmiany/
"podanie o prace sprzedawca",,"related_search,also_asks,pic,snip_breadcrumbs,snip_image_thumbnail",4,5,10,0,10,0,0,0,90,https://resumaker.pl/przykładowe-list-motywacyjny/sprzedawca-czesci/
"jak napisać podanie o pracę na stanowisko sprzątaczki",,"ai_overview,related_search,also_asks,pic,snip_breadcrumbs",8,10,10,0,10,0,0,2,3600,https://resumaker.pl/przykładowe-list-motywacyjny/sprzatacz-ogolny/
"mechanik wozkow widlowych",,"pic,local_pack,also_asks,related_search,snip_breadcrumbs,snip_image_thumbnail",3,1,10,0,10,0,0.016437,30,112000,https://resumaker.pl/przykładowe-cv/mechanik-wozka-widłowego/
"podanie o prace pracownik biurowy",,"also_asks,pic,related_search,snip_breadcrumbs,snip_image_thumbnail",5,7,10,0,10,0,0,6,90,https://resumaker.pl/przykładowe-list-motywacyjny/pracownik-administracyjny/
"praca w państwa firmie byłaby dla mnie",,"also_asks,related_search,pic,ai_overview,snip_breadcrumbs",7,1,10,0,10,0,0,0,268000,https://resumaker.pl/przykładowe-list-motywacyjny/technik/
"cv pracuj kreator",,"related_search,also_asks,snip_breadcrumbs",3,30,10,0,10,0,0.31,44,203000,https://resumaker.pl/
"livecareer usuwanie konta",,"ai_overview,pic,related_search,also_asks,snip_breadcrumbs",3,3,10,0,10,0,0,15,73,https://resumaker.pl/anuluj-subskrypcje/
"podanie o prace do przedszkola jako pomoc",,"pic,related_search,also_asks,snip_breadcrumbs",7,10,10,0,10,0,0,0,89,https://resumaker.pl/przykładowe-list-motywacyjny/asystent-nauczyciela/
"technik pielegniarstwa",,"ai_overview,also_asks,related_search,snip_breadcrumbs",2,N/A,10,0,10,0,0,8,151000,https://resumaker.pl/przykładowe-cv/technik-pielegniarstwa/
"cv informatyka wzór",,"also_asks,pic,related_search,snip_breadcrumbs,snip_image_thumbnail",3,N/A,10,0,10,0,0,12,245000,https://resumaker.pl/przykładowe-cv/informatyk-naukowiec/
"na czym polega praca w sortowni na poczcie",,"related_search,ai_overview,also_asks,snip_breadcrumbs",8,3,10,0,10,0,0,0,3230,https://resumaker.pl/przykładowe-cv/sortowacz-poczty/
"cv opiekunka do dziecka",,"a_box_fsnippet,also_asks,related_search,snip_breadcrumbs,snip_image_thumbnail",4,4,10,0,10,0,0,2,100,https://resumaker.pl/przykładowe-cv/opiekunka-do-dzieci/
"zainteresowania nauczyciela",,"also_asks,related_search,pic,ai_overview,snip_breadcrumbs",2,N/A,10,0,10,0,0,7,933000,https://resumaker.pl/przykładowe-list-motywacyjny/nauczyciel-po-szkole/
"cv na recepcjonistke",,"also_asks,related_search,snip_breadcrumbs",3,N/A,10,0,10,0,0.081164,39,72800,https://resumaker.pl/przykładowe-cv/salon-recepcjonista/
"profil zawodowy pracownik biurowy",,"related_search,ai_overview,pic,also_asks,snip_breadcrumbs",4,N/A,10,0,10,0,0,12,90,https://resumaker.pl/przykładowe-cv/administracja-kancelaria/
"pracownik do gospodarstwa rolnego",,"also_asks,related_search,ai_overview,snip_breadcrumbs",4,5,10,0,10,0,0.01,22,93200,https://resumaker.pl/przykładowe-cv/robotnik-rolny/
"wzór cv pracownik produkcji",,"also_asks,ai_overview,pic,related_search,snip_breadcrumbs,snip_image_thumbnail",4,N/A,10,0,10,0,0.145333,40,145000,https://resumaker.pl/przykładowe-cv/pracownik-produkcji/
"list motywacyjny dla studenta",,"also_asks,related_search,pic,snip_breadcrumbs,snip_image_thumbnail",4,12,10,0,10,0,0,14,90,https://resumaker.pl/przykładowe-list-motywacyjny/doradca-studenta/
"strona z cv",,"related_search,pic,snip_breadcrumbs,snip_image_thumbnail",3,51,10,0,10,0,0.51,71,12100000,https://resumaker.pl/
"specjalista ds rezerwacji hotelowych",,"also_asks,related_search,ai_overview,snip_breadcrumbs,snip_url_in_aio,snip_fqdn_in_aio",4,N/A,10,0,10,0,0,6,91,https://resumaker.pl/przykładowe-cv/specjalista-ds-rezerwacji/
"cv bankowca",,"pic,related_search,also_asks,snip_breadcrumbs",2,2,10,0,10,0,0,0,3210,https://resumaker.pl/przykładowe-cv/bankier/
"cv dla fryzjera",,"pic,also_asks,ai_overview,related_search,snip_breadcrumbs",3,N/A,10,0,10,0,0,13,120000,https://resumaker.pl/przykładowe-cv/fryzjer/
"cv dla psychologa",,"pic,also_asks,related_search,snip_breadcrumbs",3,N/A,10,0,10,0,0.22396,75,90,https://resumaker.pl/przykładowe-cv/psycholog-dziecięcy/
"zainteresowania nauczyciela przedszkola",,"related_search,pic,also_asks,ai_overview,snip_breadcrumbs",3,8,10,0,10,0,0,19,103000,https://resumaker.pl/przykładowe-cv/doświadczony-przedszkolak-nauczyciel/
"podanie o prace kasjer sprzedawca wzór",,"pic,also_asks,related_search,ai_overview,snip_breadcrumbs,snip_image_thumbnail",6,2,10,0,10,0,0,0,58400,https://resumaker.pl/przykładowe-list-motywacyjny/kasjer/
"cv jako kelnerka",,"pic,related_search,ai_overview,also_asks,snip_breadcrumbs,snip_image_thumbnail",3,N/A,10,0,10,0,0,0,30900,https://resumaker.pl/przykładowe-cv/kelnerka/
"list motywacyjny higienistka stomatologiczna",,"pic,related_search,snip_breadcrumbs",4,5,10,0,10,0,0,0,96,https://resumaker.pl/przykładowe-list-motywacyjny/certyfikowany-asystent-stomatologiczny/
"cv umiejetnosci sprzedawcy",,"related_search,ai_overview,also_asks,pic,snip_breadcrumbs,snip_url_in_aio,snip_fqdn_in_aio",3,N/A,10,0,10,0,0,27,40500,https://resumaker.pl/przykładowe-cv/sprzedawca-produktow/
"etl developer co to",,"also_asks,ai_overview,related_search,pic,snip_breadcrumbs,snip_url_in_aio,snip_fqdn_in_aio",4,N/A,10,0,10,0,0,0,9660000,https://resumaker.pl/przykładowe-cv/etl-developer/
"cv do pracy w biurze",,"ai_overview,related_search,also_asks,pic,snip_breadcrumbs,snip_image_thumbnail",5,N/A,10,0,10,0,0.150367,63,291000,https://resumaker.pl/przykładowe-cv/pracownik-biurowy/
"cv administracja biurowa",,"also_asks,related_search,pic,ai_overview,snip_breadcrumbs",3,N/A,10,0,10,0,0,0,116000,https://resumaker.pl/przykładowe-cv/administracja-kancelaria/
"list motywacyjny ucznia szkoły podstawowej",,"pic,related_search,also_asks,snip_breadcrumbs",5,N/A,10,0,10,0,0,0,43,https://resumaker.pl/przykładowe-list-motywacyjny/edukator/
"cv sklep odzieżowy",,"pic,related_search,also_asks,snip_breadcrumbs",3,6,10,0,10,0,0,23,15100,https://resumaker.pl/przykładowe-cv/sprzedawca-detaliczny/
"wzór cv dla kierowcy zawodowego",,"pic,ai_overview,also_asks,related_search,snip_breadcrumbs,snip_image_thumbnail",5,8,10,0,10,0,0,26,11100,https://resumaker.pl/przykładowe-cv/kierowca-zawodowy/
"customer service manager opis stanowiska",,"also_asks,related_search,a_box_fsnippet,pic,snip_breadcrumbs",5,2,10,0,10,0,0,0,81,https://resumaker.pl/przykładowe-cv/customer-service-manager/
"list motywacyjny do urzędu przykłady",,"related_search,pic,also_asks,snip_breadcrumbs",5,19,10,0,10,0,0.02,25,68300,https://resumaker.pl/przykładowe-list-motywacyjny/pracownik-administracyjny/
"inzynier mostowy",,"also_asks,pic,snip_breadcrumbs",2,N/A,10,0,10,0,0,0,79,https://resumaker.pl/przykładowe-cv/inzynier-mostowy/
"cv radcy prawnego wzór",,"related_search,ai_overview,pic,also_asks,snip_breadcrumbs,snip_image_thumbnail",4,N/A,10,0,10,0,0,57,8860,https://resumaker.pl/przykładowe-cv/radca-prawny/
"list motywacyjny na pracownika socjalnego",,"related_search,pic,also_asks,snip_breadcrumbs",5,N/A,10,0,10,0,0,7,14100,https://resumaker.pl/przykładowe-list-motywacyjny/pracownik-wsparcia-rodziny/
"umiejętności sprzedawcy cv",,"also_asks,ai_overview,related_search,snip_breadcrumbs,snip_url_in_aio,snip_fqdn_in_aio",3,N/A,10,0,10,0,0,86,37900,https://resumaker.pl/przykładowe-cv/sprzedawca-produktow/
"podanie o pracę w sklepie",,"related_search,ai_overview,pic,also_asks,snip_breadcrumbs",5,5,10,0,10,0,0,7,9670000,https://resumaker.pl/przykładowe-list-motywacyjny/pracownik-sklepu/
"cv wzór kasjer sprzedawca",,"pic,ai_overview,related_search,also_asks,snip_breadcrumbs,snip_image_thumbnail",4,16,10,0,10,0,0,34,3370,https://resumaker.pl/przykładowe-cv/sprzedawca-produktow/
"elektryk cv",,"also_asks,ai_overview,pic,related_search,snip_breadcrumbs,snip_image_thumbnail",2,5,10,0,10,0,0,39,185000,https://resumaker.pl/przykładowe-cv/praktykant-elektryczny/
"cv wzór nauczyciel przedszkola",,"also_asks,related_search,ai_overview,pic,snip_breadcrumbs,snip_image_thumbnail",4,N/A,10,0,10,0,0,11,7600,https://resumaker.pl/przykładowe-cv/doświadczony-przedszkolak-nauczyciel/
"cv na kucharza",,"related_search,also_asks,pic,snip_breadcrumbs",3,9,10,0,10,0,0,29,239000,https://resumaker.pl/przykładowe-cv/doświadczony-kucharz/
"list motywacyjny na praktyki wzór",,"related_search,snip_breadcrumbs",5,5,10,0,10,0,0,29,94,https://resumaker.pl/przykładowe-list-motywacyjny/praktykant/
"architekt baz danych",,"also_asks,ai_overview,snip_breadcrumbs,snip_url_in_aio,snip_fqdn_in_aio",3,N/A,10,0,10,0,0.083255,40,900000,https://resumaker.pl/przykładowe-cv/database-architect/
"podanie o prace do sądu",,"related_search,pic,snip_breadcrumbs",5,N/A,10,0,10,0,0,0,198,https://resumaker.pl/przykładowe-list-motywacyjny/reporter-sadowy/
"gotowy list motywacyjny po niemiecku",,"related_search,also_asks,pic,ai_overview,snip_breadcrumbs",5,N/A,10,0,10,0,0,6,2040,https://resumaker.pl/przykładowe-list-motywacyjny/nauczyciel-jezyka-niemieckiego/
"kreatywny list motywacyjny",,"related_search,also_asks,snip_breadcrumbs,snip_image_thumbnail",3,4,10,0,10,0,0,24,91,https://resumaker.pl/przykładowe-list-motywacyjny/strateg-kreatywny/
"specjalista baz danych",,"pic,related_search,kn_graph_card,also_asks,snip_breadcrumbs",3,N/A,10,0,10,0,0,11,297,https://resumaker.pl/przykładowe-cv/specjalista-ds-baz-danych/
"praca w sklepie cv",,"related_search,also_asks,pic,ai_overview,snip_breadcrumbs",4,N/A,10,0,10,0,0,79,730000,https://resumaker.pl/przykładowe-cv/pracownik-sklepu/
"cv kreator",,"also_asks,related_search,pic,snip_breadcrumbs",2,50,11,1,33100,248,0.670623,79,90,https://resumaker.pl/
"cv kreator za darmo",,"related_search,also_asks,snip_breadcrumbs",4,46,11,0,4400,32,0.417096,78,113,https://resumaker.pl/
"cv cv online",,"ai_overview,also_asks,related_search,snip_breadcrumbs",3,51,11,-2,1900,14,0.861436,69,113,https://resumaker.pl/
"cv darmowy",,"related_search,video,also_asks,ads_bot,pic,snip_breadcrumbs",2,44,11,2,1600,11,0.479315,75,113,https://resumaker.pl/
"a cv",,"pic,also_asks,ai_overview,related_search,video,snip_breadcrumbs",2,N/A,11,0,1300,9,0.183528,4,131,https://resumaker.pl/
"darmowy cv kreator",,"related_search,also_asks,snip_breadcrumbs",3,44,11,-2,720,5,0.614123,80,113,https://resumaker.pl/
"cv maker za darmo",,"also_asks,related_search,snip_breadcrumbs",4,44,11,,480,3,33.36972,79,108,https://resumaker.pl/
"it cv",,"related_search,also_asks,pic,snip_breadcrumbs",2,7,11,0,210,1,0.256931,10,90,https://resumaker.pl/przykładowe-cv/doświadczony-it-engineer/
"szablon listu motywacyjnego",,"related_search,pic,snip_breadcrumbs,snip_image_thumbnail",3,14,11,0,210,1,8.035358,62,90,https://resumaker.pl/list-motywacyjny/
"szablony listu motywacyjnego",,"related_search,pic,snip_breadcrumbs",3,17,11,0,210,1,7.974642,90,90,https://resumaker.pl/list-motywacyjny/
"cv pl",,"related_search,ads_top,pic,also_asks,snip_breadcrumbs",2,42,11,0,210,1,20.628957,49,404000000,https://resumaker.pl/
sonograf,,"pic,ai_overview,also_asks,related_search,snip_breadcrumbs",1,2,11,0,170,1,0,3,79500,https://resumaker.pl/przykładowe-cv/diagnostyczny-sonograf-medyczny/
"list motywacyjny do policji",,"pic,ai_overview,also_asks,related_search,snip_breadcrumbs",4,8,11,0,170,1,0.06032,8,105,https://resumaker.pl/przykładowe-list-motywacyjny/oficer-policji/
"kierownik działu technicznego",,"also_asks,snip_breadcrumbs",3,2,11,0,140,1,0.01,11,90,https://resumaker.pl/przykładowe-cv/kierownik-działu-technicznego/
"wzory cv sprzedawca kasjer",,"pic,also_asks,snip_breadcrumbs",4,N/A,11,0,140,1,3.985667,32,72,https://resumaker.pl/przykładowe-cv/sprzedawca-produktow/
"cv online free",,"related_search,ai_overview,also_asks,snip_breadcrumbs",3,49,11,-2,140,1,1.057396,50,110,https://resumaker.pl/
"cv mechanika samochodowego",,"related_search,also_asks,pic,snip_breadcrumbs,snip_image_thumbnail",3,N/A,11,0,140,1,0.161679,16,81,https://resumaker.pl/przykładowe-cv/automotive-mechanic/
"w czym napisac cv",,"pic,also_asks,related_search,ai_overview,snip_breadcrumbs",4,14,11,0,140,1,0.326869,74,15500,https://resumaker.pl/
"cv prawnika",,"related_search,pic,also_asks,snip_breadcrumbs",2,3,11,0,140,1,10.09477,10,90,https://resumaker.pl/przykładowe-cv/adwokat/
"kreator cv bezpłatny",,"also_asks,related_search,ai_overview,snip_breadcrumbs",3,44,11,0,110,0,0.554847,60,1130000,https://resumaker.pl/
"bezplatne cv",,"related_search,also_asks,snip_breadcrumbs",2,46,11,0,110,0,0.552779,72,45800,https://resumaker.pl/
"list motywacyjny do urzedu gminy",,"also_asks,related_search,pic,snip_breadcrumbs",5,19,11,0,110,0,1.967565,25,90,https://resumaker.pl/przykładowe-list-motywacyjny/pracownik-administracyjny/
"najlepszy kreator cv",,"related_search,ai_overview,also_asks,snip_breadcrumbs",3,33,11,0,110,0,0.943631,69,14500,https://resumaker.pl/
"szablon list motywacyjny",,"pic,related_search,also_asks,snip_breadcrumbs",3,14,11,0,90,0,0.205005,74,81,https://resumaker.pl/list-motywacyjny/
"cv kreator free",,"related_search,also_asks,snip_breadcrumbs",3,44,11,0,90,0,0.586898,65,849000,https://resumaker.pl/
"generator cv online",,"related_search,also_asks,snip_breadcrumbs",3,50,11,0,70,0,42.956842,52,98700000,https://resumaker.pl/
"list motywacyjny do urzedu miasta",,"also_asks,ai_overview,related_search,pic,snip_breadcrumbs",5,19,11,0,70,0,0.042881,36,397000,https://resumaker.pl/przykładowe-list-motywacyjny/pracownik-administracyjny/
"kreator cv free",,"related_search,also_asks,snip_breadcrumbs",3,48,11,0,70,0,32.80957,75,840000,https://resumaker.pl/
"jak napisać cv do pracy wzory",,"also_asks,related_search,video,ai_overview,pic,snip_breadcrumbs",6,30,11,0,70,0,5.133568,91,127000,https://resumaker.pl/
"list motywacyjny nauczyciela wzór",,"related_search,pic,also_asks,snip_breadcrumbs",4,11,11,0,70,0,0.033513,26,90,https://resumaker.pl/przykładowe-list-motywacyjny/nauczyciel-szkolny/
"cv piłkarskie",,"related_search,pic,also_asks,snip_breadcrumbs",2,3,11,0,70,0,0.219406,28,90,https://resumaker.pl/przykładowe-cv/trener-piłki-nożnej/
"list motywacyjny do urzędu wzór",,"also_asks,ai_overview,pic,related_search,snip_breadcrumbs",5,19,11,0,70,0,0.10114,18,476000,https://resumaker.pl/przykładowe-list-motywacyjny/pracownik-administracyjny/
"cv fizjoterapeuta",,"also_asks,pic,related_search,ai_overview,snip_breadcrumbs,snip_image_thumbnail",2,N/A,11,0,50,0,0.141788,8,499000,https://resumaker.pl/przykładowe-cv/asystent-fizjoterapeuty/
"cv napisac",,"related_search,video,also_asks,ai_overview,pic,snip_breadcrumbs",2,46,11,0,50,0,0.55171,83,1770000,https://resumaker.pl/
"stanowisko koordynator",,"related_search,also_asks,pic,ai_overview,snip_breadcrumbs",2,9,11,0,50,0,0,0,2180000,https://resumaker.pl/przykładowe-list-motywacyjny/koordynator-zespołu/
"curriculum vitae web",,"also_asks,related_search,pic,snip_breadcrumbs",3,69,11,0,50,0,0.49404,28,90,https://resumaker.pl/
"gdzie napisac darmowe cv",,"ai_overview,also_asks,related_search,snip_breadcrumbs",4,42,11,0,50,0,0.445541,83,5540,https://resumaker.pl/
"szablony cv pracuj pl",,"pic,related_search,also_asks,snip_breadcrumbs",4,N/A,11,0,50,0,0.275376,55,36,https://resumaker.pl/
"cv sportowe",,"also_asks,pic,related_search,snip_breadcrumbs,snip_image_thumbnail",2,1,11,0,50,0,0.256509,41,90,https://resumaker.pl/przykładowe-cv/dyrektor-sportowy/
"list motywacyjny gotowy",,"pic,related_search,snip_breadcrumbs",3,31,11,0,40,0,0.162687,38,90,https://resumaker.pl/przykładowe-list-motywacyjny/pobierajacy/
"edytor cv darmowy",,"ai_overview,also_asks,related_search,snip_breadcrumbs",3,44,11,0,40,0,0.886586,87,10500,https://resumaker.pl/
"stwórz cv online za darmo",,"related_search,also_asks,snip_breadcrumbs",5,48,11,,40,0,0.942913,78,101,https://resumaker.pl/
"asystent ds księgowości zakres obowiązków",,"ai_overview,related_search,also_asks,snip_breadcrumbs",5,2,11,0,40,0,0,4,189000,https://resumaker.pl/przykładowe-cv/asystent-ds-księgowości/
"pracuj pl cv wzór",,"also_asks,related_search,pic,snip_breadcrumbs",4,N/A,11,0,40,0,0.22,32,42,https://resumaker.pl/
"cv dla kierowcy",,"pic,also_asks,related_search,snip_breadcrumbs,snip_image_thumbnail",3,8,11,0,40,0,0.131837,65,90,https://resumaker.pl/przykładowe-cv/kierowca-osobowy/
"list motywacyjny do pracy w policji w biurze",,"pic,ai_overview,related_search,also_asks,snip_breadcrumbs",8,9,11,0,40,0,1.723156,26,33200,https://resumaker.pl/przykładowe-list-motywacyjny/oficer-policji/
"stanowisko asystenta",,"also_asks,related_search,ai_overview,snip_breadcrumbs",2,1,11,0,40,0,0,1,2770000,https://resumaker.pl/przykładowe-list-motywacyjny/asystent/
"rejestracja cv",,"also_asks,ai_overview,related_search,snip_breadcrumbs",2,22,11,-4,40,0,0,7,2200000,https://resumaker.pl/przykładowe-cv/pracownik-rejestracji/
"darmowe szablony listu motywacyjnego",,"related_search,snip_breadcrumbs",4,13,11,0,40,0,0.312301,84,4020,https://resumaker.pl/list-motywacyjny/
"specjalista ds kluczowych klientów",,"also_asks,ai_overview,snip_breadcrumbs",4,N/A,11,0,40,0,0,1,1310000,https://resumaker.pl/przykładowe-cv/specjalista-ds-kluczowych-klientow/
"podanie do pracy w szpitalu",,"also_asks,pic,related_search,snip_breadcrumbs",5,8,11,0,40,0,0,7,90,https://resumaker.pl/przykładowe-list-motywacyjny/szpitalnik/
"pracownik sprzedaży",,"also_asks,ai_overview,snip_breadcrumbs",2,N/A,11,0,30,0,0,1,6610000,https://resumaker.pl/przykładowe-cv/pracownik-sprzedazy/
